time,x,y,z,angle_xz,tag,color,rgb,rgb1,rgb2,rgb3,rgb4,servo_angle,occlusion,lm_score,fpsvalue
0,0,0,0,0,N/A,darkslategray,"(23.35341014897579, 31.906744646182496, 53.27662360335196)","(38.833255597014926, 49.97679570895522, 72.67245802238806)","(6.525789962825279, 10.175418215613384, 25.512081784386616)","(35.57695895522388, 46.27157182835821, 71.1786380597015)","(12.580622676579926, 21.323768587360593, 43.88197026022305)",90,0,0.9990234375,0
0,0,0,0,0,N/A,dimgray,"(105.90026494583039, 102.64331995488051, 113.9328716455497)","(136.17421343537416, 128.734587585034, 134.64912840136054)","(78.82582487309645, 74.63874788494078, 86.72366751269035)","(125.83496459808413, 123.40680966264057, 135.1078717201166)","(83.08308297938464, 83.98922614731171, 99.32880969646742)",90,0,0.998046875,0
0,0,0,0,0,N/A,dimgray,"(105.26829663212435, 102.45150582901555, 114.27326208981002)","(140.62974956822106, 133.92519430051814, 139.8453151986183)","(72.8456390328152, 68.53098013816926, 79.93793177892918)","(129.81120466321244, 127.80019430051813, 140.78518998272884)","(77.78659326424871, 79.54965457685665, 96.52461139896373)",90,0,0.9990234375,0
0,0,0,0,0,N/A,dimgray,"(109.19491109414203, 106.49664557652449, 119.19962910439621)","(152.87842012356575, 147.05527360988526, 154.7885039717564)","(69.89629302736098, 65.9819064430715, 77.42806707855252)","(138.087594390507, 135.5359223300971, 149.16396979503776)","(76.01477885652643, 77.41445523193096, 95.28058252427185)",90,0,0.9990234375,0
0,0,0,0,0,N/A,gray,"(114.66041828901992, 111.809433752364, 127.28457003003672)","(162.24876237623764, 157.2692394239424, 168.27081458145815)","(69.16561656165617, 63.82999549954995, 77.02835283528353)","(148.72508250825084, 147.59328932893288, 166.26919691969198)","(78.54873487348735, 78.48921892189219, 97.36391639163917)",90,0,0.9990234375,0
0,0,0,0,0,N/A,gray,"(118.60556603515678, 115.93684901172804, 132.78348232592472)","(162.36064301552108, 157.29467849223946, 169.68248337028825)","(77.77030008826125, 72.87477934686673, 87.11253309796999)","(150.96921409214093, 149.5068834688347, 169.66243902439024)","(83.75177993527508, 84.39244875943905, 104.83570658036678)",90,0,0.99609375,0
0,0,0,0,0,N/A,gray,"(119.15246440306682, 116.878860898138, 133.17146768893758)","(161.62494510320596, 157.1393280632411, 169.33662714097497)","(79.7618006993007, 75.08937937062937, 89.10063374125875)","(151.24472990777338, 149.82433025911286, 169.3278436539306)","(84.33686625874125, 85.81435751748252, 105.2684659090909)",90,0,0.9970703125,0
0,0,0,0,0,N/A,gray,"(120.97092402902263, 118.19523580879215, 135.07869184805804)","(161.82116944088776, 156.69931711481007, 169.1056338028169)","(84.06135296628254, 78.75608194622279, 93.66709346991037)","(150.559218950064, 149.06455399061034, 169.00501493811353)","(87.44195475885617, 88.2609901835254, 108.53702518139139)",90,0,0.9990234375,0
0,0,0,0,0,N/A,gray,"(121.07749518754011, 118.61946567111941, 135.79811001574987)","(161.81460475008862, 157.8953089920832, 171.8006617038875)","(82.95155382252156, 78.45184922604277, 93.12773248257119)","(152.76993087557602, 151.02200460829494, 170.76497695852535)","(86.83917050691244, 87.08640552995392, 107.3323732718894)",90,0,1.0,0
0,0,0,0,0,N/A,gray,"(120.83675175399313, 118.69162561576354, 136.50201522615316)","(159.1082949308756, 155.00994421537715, 169.8782439970895)","(85.70654273297923, 80.879526798648, 96.42684693384838)","(151.98357556422073, 150.6236559139785, 170.41592815786365)","(86.94307221830158, 88.5238767348859, 109.42001881910139)",90,0,0.9990234375,0
0,0,0,0,0,N/A,gray,"(118.3751871657754, 116.10902979373567, 133.55764705882353)","(160.88642005958292, 156.73994538232373, 171.30623138033764)","(79.2280701754386, 74.72213985668397, 89.54114158636027)","(151.83853410740204, 150.3295839380745, 170.0793420416062)","(81.98555435175153, 82.97159022511136, 103.48729986758156)",90,0,0.9990234375,0
0,0,0,0,0,N/A,gray,"(114.03963597859371, 110.6895801734253, 125.38571387688522)","(157.41173054587688, 151.5569105691057, 162.72102206736352)","(75.61264593688591, 70.40053173043579, 83.4215697607213)","(144.96439909297052, 142.37471655328798, 158.71009070294784)","(78.63473256601219, 78.77916948770029, 96.91062965470549)",90,0,0.9990234375,5.386659759559824
0,0,0,0,0,N/A,gray,"(114.34708556149732, 111.35935828877005, 125.40831550802139)","(160.8334048027444, 155.2556818181818, 165.43149656946827)","(74.978339735382, 69.67029449423815, 81.70860008536064)","(144.75246569468268, 142.40448113207546, 159.23070325900514)","(77.1851259069569, 78.4588134869825, 95.60915492957747)",90,0,0.9990234375,5.386659759559824
0,0,0,0,0,N/A,dimgray,"(112.3505419858361, 109.57707761237172, 124.19358288770053)","(152.95120806943467, 146.64367816091954, 157.50774102744546)","(77.73179271708683, 72.81279178338002, 85.76925770308124)","(142.46019017069537, 140.00504066903426, 156.34688967808455)","(76.74008207934337, 79.18046055631555, 97.34872321021432)",90,0,1.0,5.386659759559824
0,0,0,0,0,N/A,dimgray,"(113.25084082431358, 110.15929798813673, 124.71026722925457)","(153.81270903010034, 148.59209711383625, 160.1035550600768)","(77.68859160163508, 71.98575498575498, 85.24464263594699)","(144.98272946859905, 142.36509661835748, 158.55410628019322)","(76.64432367149759, 77.70072463768116, 94.83695652173913)",90,0,0.9990234375,5.386659759559824
0,0,0,0,0,N/A,dimgray,"(112.89452495974236, 110.10451505016722, 124.57237086584912)","(153.64932491019448, 148.62764771460422, 160.02242041372477)","(76.87761674718196, 71.56794252446426, 84.98352533135142)","(145.67013501796112, 143.0201907593212, 159.17316982534373)","(75.38102316363187, 77.2022792022792, 94.11036789297658)",90,0,1.0,5.386659759559824
0,0,0,0,0,N/A,dimgray,"(112.07610261439912, 109.84889815183743, 124.68372820057009)","(153.03198904655216, 148.15596216081653, 159.89121234752304)","(76.47962343614518, 72.19980180849745, 86.07692307692308)","(144.67050970873785, 142.28009708737864, 158.33252427184465)","(74.6066425120773, 77.11328502415459, 94.67765700483092)",90,0,0.9990234375,5.386659759559824
0,0,0,0,0,N/A,gray,"(113.4794205006971, 110.66160514032855, 125.78414257137662)","(156.88868635314134, 152.04593510754648, 164.20123951877505)","(76.10849056603773, 70.96093372036768, 85.20500725689405)","(145.95248511362254, 143.42617572001458, 159.86899987847855)","(75.32595549104983, 76.56313497822931, 94.20331398161586)",90,0,1.0,5.386659759559824
0,0,0,0,0,N/A,dimgray,"(112.97102289191538, 109.76902347145754, 123.75282526803825)","(155.09723199624676, 149.2870044569552, 159.58925639221206)","(77.85585268590195, 71.04468684025335, 84.37262491203379)","(144.23404742811317, 141.75461106655973, 157.29843051895978)","(74.86000687363959, 77.0082483675106, 93.66857601099782)",90,0,1.0,5.386659759559824
0,0,0,0,0,N/A,gray,"(114.50666813622837, 111.51829604320511, 125.24231235534002)","(162.87600573129063, 157.08596935963848, 167.4206987765899)","(74.27840846467541, 68.59947095778683, 81.33296594290753)","(146.4567397773614, 143.8573790367023, 159.37429736581063)","(74.41551857158602, 76.53036481869283, 92.84128733605202)",90,0,1.0,5.386659759559824
0,0,0,0,0,N/A,gray,"(114.35800305937978, 111.75232930051453, 125.70079265748852)","(161.79857819905214, 156.26856240126384, 166.93703452945158)","(75.58838724168913, 70.20485175202157, 83.07389937106919)","(146.13170946765126, 143.80061721591537, 159.3180866306624)","(74.48343571741992, 77.16059675296182, 93.79036858271172)",90,0,1.0,5.386659759559824
0,0,0,0,0,N/A,gray,"(114.47281323877068, 111.8986584636418, 126.13460935942351)","(156.86822332678304, 151.21789388509998, 162.1611374407583)","(78.98803497468937, 74.43948458352509, 88.03255867464335)","(145.06759196569624, 142.62322274881515, 157.88569171744527)","(77.4714734950584, 79.68429919137466, 96.72529200359389)",90,0,0.9990234375,6.63988961640122
0,0,0,0,0,N/A,gray,"(114.61910853374268, 112.40920461652169, 126.69262038774234)","(154.1267380898108, 148.8492135855938, 159.3957146113517)","(81.73431650595576, 77.81020986954056, 91.32671582529778)","(144.1086163665375, 141.33029405060407, 156.63038522908593)","(78.8276800907544, 81.95110606920022, 99.70901871809416)",90,0,0.9990234375,6.63988961640122
0,0,0,0,0,N/A,gray,"(114.22341707905088, 111.66108361883009, 127.38881487120923)","(155.54637736327876, 150.33637863215327, 163.59484836949625)","(74.73264814109885, 70.15289937825149, 84.71907118385991)","(146.98502728080192, 144.0742291587362, 160.10925009516558)","(79.62961553102399, 82.08082730617942, 101.13208983631519)",90,0,1.0,6.63988961640122
0,0,0,0,0,N/A,gray,"(121.12925295371419, 119.62629266110571, 135.718916927611)","(153.73868971404184, 148.595390524968, 160.32725138711055)","(79.2376805437553, 78.8983644859813, 95.99033559898047)","(145.47209181012, 141.81439749608765, 156.72175273865415)","(106.12502596053999, 109.1717549325026, 129.71090342679128)",90,0,1.0,6.63988961640122
0,0,0,0,0,N/A,slategray,"(120.7580462033969, 120.31726023588294, 137.7899066200153)","(148.11539544047284, 143.16052162491792, 156.20142602495542)","(81.33650793650794, 81.87152194211018, 99.32268907563025)","(136.86354435038646, 134.51831063673168, 151.88268310636732)","(116.68919413919414, 121.59294871794872, 143.52023809523808)",90,0,0.9990234375,6.63988961640122
0,0,0,0,0,N/A,slategray,"(119.686133960047, 119.01889933411672, 137.59383078730906)","(146.58329382013594, 142.25304251620042, 156.3281966176703)","(81.95882724830093, 81.43986091354512, 99.17630788683421)","(128.93437402920162, 126.6722584653619, 145.6442994718857)","(121.08131407269339, 125.46310966138553, 148.8871543957751)",90,0,1.0,6.63988961640122
0,0,0,0,0,N/A,slategray,"(117.87544409613375, 116.46689172896069, 134.1594566353187)","(136.27844486272474, 131.42370351139093, 143.37943791782956)","(88.43287246414265, 87.31522160485851, 105.02403411293449)","(132.06355606758834, 129.42447516641064, 148.12724014336916)","(114.72190366972477, 117.63411060142711, 139.93628950050967)",90,0,1.0,6.63988961640122
0,0,0,0,0,N/A,dimgray,"(110.43877551020408, 108.3630574452003, 125.93896447467876)","(134.13166666666666, 130.52916666666667, 147.05325757575758)","(77.97232277526395, 76.04622926093515, 92.78031674208145)","(132.5214393939394, 130.5080303030303, 149.4775)","(97.336802413273, 96.56930618401206, 114.64683257918551)",90,0,0.9990234375,6.63988961640122
0,0,0,0,0,N/A,dimgray,"(102.95452918009309, 101.13591120658789, 121.1436925647452)","(115.90522243713733, 114.334332688588, 136.36141199226304)","(72.59218253586214, 71.30884759795899, 90.96832579185521)","(128.45056818181817, 126.89810606060605, 148.8124053030303)","(94.68014705882354, 91.8309766214178, 108.31363122171946)",90,0,0.9990234375,6.63988961640122
0,0,0,0,0,N/A,slategray,"(117.40628918495298, 117.38883228840126, 141.64228056426333)","(122.53083855799373, 122.8598354231975, 144.52911442006268)","(83.41363636363636, 80.94823667711599, 99.64557210031347)","(130.89439655172413, 130.40493730407525, 155.6135971786834)","(132.78628526645767, 135.3423197492163, 166.78083855799372)",90,0,0.9970703125,6.63988961640122
0,0,0,0,0,N/A,slategray,"(119.57074470593784, 120.24956374098005, 144.74752786555362)","(121.03663847513255, 123.45960616006059, 145.67142135824287)","(91.75517546074224, 91.14582807371876, 111.70537742994193)","(132.2853920616522, 130.66717834654304, 153.9858400426052)","(133.01343942858932, 135.5366373233921, 167.39303279972432)",90,0,0.9951171875,5.950695895951934
0,0,0,0,0,N/A,lightslategray,"(126.71489677050289, 129.83270710905404, 156.64655598315045)","(117.95403377110694, 122.82363977485929, 149.16948092557848)","(130.81206538661132, 138.1648417228853, 170.2566683964712)","(121.095424223473, 116.95244423598082, 134.62351469668542)","(136.93687078360145, 141.3052672548002, 172.41102750389206)",90,0,0.994140625,5.950695895951934
0,0,0,0,0,N/A,lightslategray,"(126.77003071739992, 131.9637831946096, 159.77506440745145)","(116.72382011759098, 125.18860241538216, 153.46521929127601)","(126.58565072302558, 135.73998887652948, 167.02423327506753)","(124.98287725403354, 123.5350561531161, 144.62917193925972)","(138.74084546029738, 143.3777285669092, 173.9859419487504)",90,0,0.9990234375,5.950695895951934
0,0,0,0,0,N/A,lightslategray,"(123.97340807654683, 130.70708379188065, 157.77022193690388)","(113.41217290291024, 122.60849229640499, 147.63368182929813)","(120.84060895084373, 130.1531395206652, 158.2841006358523)","(122.63982636341403, 124.29354671068721, 148.52902604548788)","(139.00102408901932, 145.77315663976523, 176.63407923697724)",90,0,1.0,5.950695895951934
0,0,0,0,0,N/A,lightslategray,"(120.65060941043085, 127.538956207483, 154.2328550170068)","(110.19973072562358, 119.88575680272109, 145.2501842403628)","(118.1343820861678, 127.89888038548753, 156.19947562358277)","(114.98720238095238, 115.44182256235828, 137.18482142857144)","(139.2811224489796, 146.92936507936508, 178.2969387755102)",90,0,1.0,5.950695895951934
0,0,0,0,0,N/A,slategray,"(118.43508458350907, 124.86235012953628, 150.76860870671246)","(110.90127183450052, 120.87967211355281, 146.32258713676245)","(113.6681230876124, 122.91361686775966, 150.79386967036785)","(109.62869945531139, 107.70252756983015, 125.81218975556092)","(139.4760893093358, 147.86798679867988, 180.0267500434254)",90,0,1.0,5.950695895951934
0,0,0,0,0,N/A,slategray,"(115.35898997051709, 120.34877187641665, 143.71121640983557)","(110.81055050746586, 120.39792231255646, 145.86835113449175)","(110.30508586700537, 119.30701754385964, 146.1512529438226)","(104.00336325838829, 97.32630226953735, 109.19239426921956)","(136.22135330810113, 144.26760210473566, 173.51679436627148)",90,0,0.9990234375,5.950695895951934
0,0,0,0,0,N/A,slategray,"(118.12960127871374, 122.38821034031591, 144.57829423904394)","(109.71400199951363, 117.75870734145748, 141.21621767678133)","(115.55928287713799, 123.59403118160448, 149.47053419438515)","(112.26764167205344, 107.97089797457444, 123.99563671622495)","(134.942267291532, 140.2182315233786, 163.6356927386339)",90,0,0.9990234375,5.950695895951934
0,0,0,0,0,N/A,slategray,"(122.08586037086779, 125.37788145111253, 145.05849689372698)","(110.38012312827699, 116.45729086300011, 135.03560013226056)","(122.17003071522598, 128.94218955682317, 153.26657995361373)","(108.36628300609344, 103.16197194186834, 116.27000047235911)","(147.30707390459474, 152.8032031592804, 175.4787344073215)",90,0,0.998046875,5.950695895951934
0,0,0,0,0,N/A,slategray,"(123.54309049201076, 125.66435789432052, 142.1267402309761)","(114.60504666983073, 119.48866872330328, 134.79439566524283)","(123.22085113115014, 130.97599272267047, 154.53381585192216)","(110.08192928334124, 99.3187193482044, 102.0983032747983)","(146.26453488372093, 152.87405078310394, 177.08044613194116)",90,0,0.9970703125,5.950695895951934
0,11.257,-7.01,105.524,6.089294221616795,A,gray,"(119.50362547288776, 117.90538439796495, 129.28221615862938)","(122.3077476456226, 125.79560516219044, 136.8984783746076)","(118.25448868071818, 124.83914476537427, 146.6666016133229)","(121.1296433554238, 107.98373735612138, 104.39623299616323)","(116.34606210425882, 112.99230202099055, 129.07617746552174)",90,0,0.9990234375,5.59757034011115
0.15901803970336914,10.999,-9.809,113.107,5.554100739737203,A,gray,"(123.15917197006783, 120.25369489707904, 128.46618644660467)","(136.22726530992844, 138.13439168240203, 143.45478704804532)","(115.50928969391799, 121.10371354640185, 140.53390680000933)","(122.62442595053267, 106.19080588386134, 98.54686807935286)","(118.27570692589225, 115.58586847565098, 131.32918385901112)",90,0,0.9990234375,5.59757034011115
0.31465601921081543,12.382,-12.123,120.209,5.880883035559554,A,gray,"(131.59362427704204, 128.6395871233609, 136.10265839870112)","(150.43726076241413, 151.1190026742174, 153.94544072151433)","(120.65340316864707, 125.59573691890765, 142.57126850114656)","(114.01715180785799, 93.62994387155724, 85.4170995953531)","(141.30755059678256, 144.21938245978205, 162.3795537104307)",90,0,0.9990234375,5.59757034011115
0.457719087600708,14.049,-14.093,127.074,6.308713235258487,A,gray,"(135.73349781212178, 133.56031627808, 140.96340457791905)","(155.87319062724922, 156.62410364407006, 159.05539413003493)","(122.37808226481486, 127.83043211686615, 144.29421800442512)","(116.43547273982057, 98.0121038381908, 90.99381536338058)","(148.27623825449913, 151.84870202261507, 169.60174125391518)",90,0,0.998046875,5.59757034011115
0.711176872253418,16.824,-16.278,135.738,7.065625990902484,A,lightslategray,"(150.15200776235258, 145.8304896253172, 150.92633228840126)","(164.66302591417798, 165.0847746723323, 166.35453946974684)","(147.03749476330123, 154.07250583517865, 171.3725836375606)","(139.73969379244608, 118.21640057190515, 107.7994757536042)","(149.22009412605743, 146.074407244132, 158.34329202907185)",90,0,0.9951171875,5.59757034011115
0.9315621852874756,18.703,-17.714,142.236,7.491123894405078,A,lightslategray,"(149.87709522897106, 146.45508334930062, 152.2054799770071)","(169.94950055493896, 170.65818843260575, 172.29676902207424)","(143.99172996814505, 150.28191619701053, 167.31438372947807)","(142.83310319432937, 125.99242075546964, 119.11865967044095)","(142.88464118041583, 139.04295469788428, 150.1723675385647)",90,0,0.9990234375,5.59757034011115
1.111161708831787,19.04,-18.849,147.11,7.374793529533755,A,darkgray,"(155.87393324243803, 153.5717399720581, 160.0135333030349)","(172.0842201276984, 173.29515894733285, 174.28904428904428)","(152.2047772410091, 157.76278180354268, 172.33581588835213)","(140.2635046113307, 125.62480997263606, 121.15192054322489)","(158.94739667203436, 157.54710144927537, 172.10661567364465)",90,0,0.9990234375,5.59757034011115
1.2120838165283203,18.83,-19.613,150.765,7.119024325713377,A,darkgray,"(157.9042325449434, 155.70915546843432, 162.12556635973624)","(171.9164158450095, 173.05729112610274, 173.96979761286974)","(157.9901408450704, 162.93445551356922, 176.2936104431467)","(138.90632100805618, 124.94481167802796, 121.05656544791022)","(162.83690004102283, 161.92427868179954, 177.10235197593326)",90,0,0.998046875,5.59757034011115
1.451289176940918,17.194,-19.752,153.507,6.390860056239357,A,darkgray,"(153.79540901806527, 153.49733209498834, 159.16608391608392)","(163.7363782051282, 165.5446896853147, 166.37955273892774)","(179.6270032051282, 184.3956148018648, 193.19635052447552)","(122.07918123543124, 112.16717657342657, 109.19784382284382)","(149.7390734265734, 151.88184731934732, 167.89058857808857)",90,0,1.0,5.59757034011115
1.6830763816833496,14.887,-19.212,153.725,5.531296629938251,A,lightslategray,"(143.71674210498932, 143.44817300521999, 148.79986299706917)","(158.43999721806864, 159.99986090343222, 160.78652154258094)","(174.27175991932398, 178.77351601349235, 186.60767813054213)","(109.13180654535391, 100.68560160520308, 99.37850273299661)","(133.25679789663045, 134.60112087455892, 148.68342212689407)",90,0,0.9970703125,5.59757034011115
1.9171271324157715,13.52,-18.43,152.211,5.075840041186549,A,gray,"(135.34099936805995, 135.61753332731485, 142.16504920104722)","(161.72351117932052, 163.40206433751618, 164.00234720592218)","(148.8723481086937, 152.2391441726099, 161.11672835605307)","(117.94688694291474, 113.25515332069453, 114.59384309831182)","(112.82125124131082, 113.5737714784388, 128.94727814390177)",90,0,0.9970703125,4.970452854718808
2.142871379852295,13.537,-17.778,149.537,5.172791521045356,A,gray,"(132.9247526190366, 131.83656023289126, 139.3832606098213)","(165.04512395816744, 166.24547433243086, 166.44739077347774)","(132.0622559881819, 134.09557349372164, 144.2692835285428)","(115.06306330117616, 106.56164926655214, 108.28383771640016)","(119.74875229839769, 120.65505647491463, 138.64286840031522)",90,0,1.0,4.970452854718808
2.346339464187622,14.834,-16.633,144.81,5.848777416781656,A,lightslategray,"(139.26719802582335, 140.77470059880238, 152.26958387911677)","(174.55609094311376, 175.3213183008982, 175.16102170658684)","(124.17208551646706, 126.50385946856288, 140.50046781437126)","(121.82506081586827, 116.93031904940119, 123.49338042664671)","(136.5155548278443, 144.34330557634732, 169.92346556886227)",90,0,0.9990234375,4.970452854718808
2.5165858268737793,16.624,-15.452,138.932,6.823183729461852,A,lightslategray,"(138.87563233965673, 141.20418925022582, 154.5298724028907)","(174.62987804878048, 175.4723125564589, 177.06077235772358)","(121.70700090334236, 124.44586720867208, 139.9282746160795)","(120.65304878048781, 117.52563233965672, 126.7066169828365)","(138.51260162601625, 147.37294489611563, 174.4238256549232)",90,0,0.9990234375,4.970452854718808
2.7729263305664062,18.511,-14.38,133.478,7.895474734618634,A,lightslategray,"(139.08996915523102, 141.97945255780772, 156.07956166855513)","(174.68643249821645, 175.47177808552604, 177.61762977884092)","(119.93142809182089, 123.12021066767385, 139.95467707415335)","(121.30467077930253, 119.94624197406522, 131.72355113517142)","(140.4373452515842, 149.37957950396574, 175.0223886860548)",90,0,1.0,4.970452854718808
2.9236080646514893,20.304,-13.576,129.387,8.918331130982255,A,lightslategray,"(140.38330812663844, 143.12010990118975, 157.2919036095987)","(178.28602540834845, 178.95261141359146, 181.32692075015123)","(121.90746118168985, 124.80494051220003, 141.1903004638032)","(124.12351280500101, 122.06565839887074, 132.90721919741884)","(137.2162331115144, 146.6572292800968, 173.74317402702158)",90,0,0.9990234375,4.970452854718808
3.1268928050994873,21.984,-12.889,126.319,9.872797079238282,A,lightslategray,"(139.87122386406153, 142.5554108620547, 156.7702321196896)","(176.58368478600437, 176.81884567322712, 179.7572828803499)","(119.83357601879356, 122.93482439280098, 140.00708641543866)","(122.02726105230386, 121.52218244084682, 134.62468866749688)","(141.20337048216084, 149.07002167014937, 172.71749477594614)",90,0,1.0,4.970452854718808
3.350341558456421,23.434,-12.478,124.019,10.700084858170653,A,lightslategray,"(138.1912293348256, 140.68813726513076, 154.89550985952897)","(176.94012465321325, 177.62488123741116, 180.93370197240907)","(119.27699236119028, 122.70522175350587, 139.8289248660358)","(121.56966196382918, 120.22247893191933, 132.91551936369663)","(135.04537449105197, 142.26421740365495, 165.94108512451473)",90,0,1.0,4.970452854718808
3.5025157928466797,24.458,-12.212,122.293,11.309554645324049,A,lightslategray,"(136.8335091019648, 139.23630904875918, 153.55457853532474)","(175.9460912856763, 176.75875042754532, 180.15239615399233)","(118.87625888344165, 122.08011249192414, 139.4705848819975)","(121.87228746247102, 121.01915403032721, 133.85807395583933)","(130.6393987762703, 137.08721924524, 160.73725914946985)",90,0,0.9990234375,4.970452854718808
3.639923095703125,25.205,-12.139,120.999,11.766794148740285,A,lightslategray,"(135.65783801159085, 137.86112240363798, 151.85266088699385)","(175.00722411831626, 176.03594994311717, 179.5216723549488)","(118.29898365168857, 121.91671223577772, 139.3953387513435)","(122.03566552901025, 120.4900455062571, 132.82023132347365)","(127.43161804913922, 133.11671977825128, 155.72111704033338)",90,0,1.0,4.970452854718808
3.7588424682617188,25.786,-12.063,120.028,12.124751250403104,A,lightslategray,"(131.53778475743587, 133.3838407250435, 145.62072390827217)","(172.61021342617119, 173.29565579353667, 175.8215961553016)","(114.00997124044501, 117.48141981381973, 133.64898206311966)","(117.37067660637251, 115.48374706728222, 125.54970483614622)","(122.16027775675471, 127.27454022553546, 147.46261257852115)",90,0,1.0,5.447123149083322
3.8862643241882324,26.075,-12.09,119.3,12.329092823669255,A,lightslategray,"(132.16825881518005, 133.8577011429852, 145.8287296429105)","(173.44092708800238, 174.45426191543405, 176.4842559390408)","(114.37787613924996, 117.78585835948006, 133.93041237113403)","(117.55423576871358, 115.11073136112356, 124.61622217241894)","(123.29999626475423, 128.07995293590318, 148.28402808904826)",90,0,1.0,5.447123149083322
4.048331022262573,26.313,-12.047,118.754,12.49343193384506,A,lightslategray,"(132.60282703409982, 133.90728660066503, 145.9129800635004)","(174.62172602223478, 174.94808743169398, 176.9983983418127)","(114.40067466266866, 117.11186281859071, 133.08118440779612)","(117.85289091694365, 115.64867706983644, 126.25238014759732)","(123.76527715523682, 128.1268862991185, 147.44419542805917)",90,0,1.0,5.447123149083322
4.21065092086792,26.281,-12.036,118.344,12.520766094166667,A,lightslategray,"(133.65365968242037, 134.906595884619, 146.43667199098)","(177.06936122102883, 177.62773695119654, 178.86353872244206)","(115.00888305847076, 117.83457646176912, 133.4397863568216)","(119.08811004333899, 116.46898436027888, 126.06061805162992)","(123.60507871064468, 127.82706146926537, 147.44823838080958)",90,0,1.0,5.447123149083322
4.366748571395874,26.153,-12.069,118.037,12.49285297418846,A,lightslategray,"(133.87350877192983, 135.14165955429112, 146.25430061640589)","(177.16586059743955, 177.72711237553344, 178.67222380275012)","(115.26084400189663, 118.0773826458037, 133.0926695116169)","(121.21246088193456, 119.04449502133713, 128.34135609293503)","(121.85486960644856, 125.71764817449028, 144.91095305832147)",90,0,0.9990234375,5.447123149083322
4.529775619506836,25.972,-12.136,117.807,12.432895737314661,A,lightslategray,"(132.67974784189005, 133.60185711040435, 144.42398814932605)","(177.45982886566713, 177.85298349235197, 178.93086475844314)","(113.39020142359533, 116.35561487202787, 131.7492995608057)","(119.77953203089504, 117.58605936695442, 127.42539376041194)","(120.08942904740269, 122.6127707102832, 139.5903945176435)",90,0,1.0,5.447123149083322
4.706819534301758,25.669,-12.187,117.634,12.309734019532085,A,gray,"(129.3467833232487, 129.82502000663635, 140.69716296137256)","(173.4385241093426, 174.17856165187126, 175.81651089124398)","(111.69619881897462, 114.60885377967229, 130.59569434124595)","(115.7145390070922, 113.32953394123606, 123.68917075831969)","(116.63163432312369, 117.2864546800717, 132.77599173875768)",90,0,1.0,5.447123149083322
4.87947940826416,25.098,-12.487,118.55,11.95346586037841,A,gray,"(129.9021170244046, 129.63610212682545, 139.716357933941)","(166.97745761050672, 168.00397922179752, 170.0183867489954)","(113.23934137018524, 117.02087621287856, 133.65692443399)","(115.70757620307752, 109.73115750269528, 116.85159266882289)","(123.68409291384887, 123.78839556993042, 138.3385278839557)",90,0,0.9990234375,5.447123149083322
5.096559286117554,23.827,-12.949,120.36,11.197611801912458,A,gray,"(132.2353942510025, 132.23401953388654, 142.94285246357248)","(153.2780799618851, 155.52173740421645, 159.6756461666733)","(128.24929527137016, 135.31270099654583, 154.2215230079009)","(109.40064318894667, 100.6638940723389, 105.08484535673165)","(138.01355858180807, 137.4377456624449, 152.7893953229841)",90,0,0.9990234375,5.447123149083322
5.29050350189209,21.732,-13.433,122.928,10.025458061400276,A,gray,"(133.7122387496712, 132.19220480139765, 139.94914211124512)","(150.381436719716, 152.748414502812, 156.67276933508836)","(131.47883608378294, 139.05597429387495, 157.59177642018406)","(131.07974167908594, 118.16158966716344, 112.55111773472429)","(122.03739130434782, 118.93760869565217, 133.04752964426876)",90,0,1.0,5.447123149083322
5.440664768218994,20.437,-13.774,126.159,9.20147719480103,A,lightslategray,"(140.88278802973696, 140.16182820915074, 146.761991018529)","(154.97283067923303, 156.38084714548802, 158.38936193261836)","(148.13626373626374, 154.19416074121958, 168.77681534152123)","(140.077973929558, 130.3877546616022, 124.81116194751381)","(120.50015024038461, 119.83778331043956, 135.1450678228022)",90,0,0.9990234375,5.9190601703908285
5.594937801361084,20.39,-13.811,128.583,9.01075447964433,A,darkgray,"(150.2045683335157, 150.03230659809608, 155.844616478827)","(160.52108545792757, 160.62451034029982, 160.82391946602473)","(168.03249808512967, 171.4630703578072, 181.39328154064995)","(146.06153846153848, 137.19240617135355, 130.95135135135135)","(126.20315132946712, 130.84923952292374, 150.20991355728196)",90,0,0.9970703125,5.9190601703908285
5.756999731063843,22.863,-14.18,130.401,9.944322019007785,A,darkgray,"(159.4316781214204, 158.14581901489117, 163.38872852233678)","(167.62424242424242, 165.83934802571167, 165.29290633608815)","(176.79600550964187, 178.54974747474748, 186.7546831955923)","(157.82677183356196, 146.95537265660724, 139.96506630086876)","(135.5848651120256, 141.35443529949703, 161.64625057155922)",90,0,1.0,5.9190601703908285
5.931784152984619,26.883,-14.895,131.764,11.53143854763416,A,gray,"(152.53812062264896, 144.42329634017082, 142.9000145478729)","(161.58597982829042, 155.84102275568893, 152.19031841293656)","(173.04731998507648, 173.35741823156323, 178.99608257679392)","(141.16687505209634, 119.225743935984, 106.11152788197049)","(134.33988309911703, 129.19531152841685, 134.15508021390374)",90,0,1.0,5.9190601703908285
6.112737417221069,33.152,-14.845,131.48,14.151622320162035,A,lightslategray,"(148.55992056103767, 145.96309398208487, 149.271923291752)","(175.18169183538, 171.17515765018254, 170.80980335214073)","(155.40501341035693, 160.84318134928822, 170.9510831442129)","(154.89460255559243, 138.0950879522071, 128.30237719880517)","(108.936517433464, 113.83270063957087, 127.02750154734888)",90,0,0.998046875,5.9190601703908285
6.26641845703125,38.719,-14.504,131.268,16.43404200579499,A,darkgray,"(151.29159261861466, 151.65579537940155, 156.73870164489998)","(180.39161431641594, 176.8451190279385, 176.4569556951562)","(147.25417424367663, 154.03333195569516, 163.75770788560092)","(154.03672094561085, 141.8222020168623, 135.44926847412796)","(123.48386096875517, 133.92252851711027, 151.29087452471484)",75.0,0,1.0,5.9190601703908285
6.892566919326782,44.593,-14.456,132.414,18.61178121811639,A,lightslategray,"(145.08665180357858, 148.7717772823415, 155.149516949637)","(172.16266483201468, 170.23212934296527, 171.13340213278295)","(148.01771545827634, 158.6981760145919, 170.89211126310988)","(148.5805526889118, 142.49604403164776, 139.03192294461644)","(111.76340629274966, 123.74904240766074, 139.53985408116736)",60.0,0,0.9990234375,5.9190601703908285
7.490218639373779,51.943,-14.347,133.274,21.293145452863257,A,darkgray,"(153.82907335011927, 153.96334150543333, 151.54644016697588)","(165.19012214551248, 166.05343866171003, 165.42372543813065)","(162.9693308550186, 169.22756240042486, 170.6580257567711)","(150.79275793650794, 142.1903439153439, 132.75998677248677)","(136.44001322751322, 138.48333333333332, 137.4662037037037)",45.0,0,0.98388671875,5.9190601703908285
8.084673881530762,56.069,-14.338,133.919,22.71780561528279,A,lightslategray,"(146.24880339738772, 149.40774434785962, 151.69300156120502)","(175.50959725128524, 174.91756439071017, 174.71115244516778)","(146.8401006108516, 155.23507520147837, 160.60836199373747)","(148.70194534506717, 143.90229530132262, 139.49650043744532)","(114.26628489620616, 123.82866346252173, 132.15139584824624)",30.0,0,0.9990234375,5.9190601703908285
8.66610860824585,58.14,-14.332,134.403,23.392447291845077,A,lightslategray,"(147.8124335347621, 148.70261106732224, 150.21014275169213)","(175.36704317269076, 173.52745983935742, 173.53830321285142)","(158.03853925016838, 164.43021776547184, 168.63176931327794)","(137.96262550200802, 128.85569779116466, 122.90203313253012)","(119.99149392601461, 128.02798772730674, 135.74374516700342)",15.0,0,0.9990234375,5.9190601703908285
9.259245872497559,59.646,-14.424,134.766,23.87352538947135,A,lightslategray,"(147.2260132975323, 148.85467331543282, 150.94693773174785)","(174.88348793112283, 173.4236662737662, 173.74847537539077)","(157.92707425818685, 164.93522267206478, 169.12127812227746)","(138.87004899959166, 130.50890669661086, 125.34432421396488)","(117.3781135157207, 126.7148070641078, 135.73889853001225)",0.0,0,0.9990234375,2.6226614498260106
9.861122846603394,61.595,-14.621,136.453,24.294393008158764,A,lightslategray,"(145.3490821472042, 148.2158382393124, 151.29645775889907)","(173.44287634408602, 172.58308442851452, 173.58995420151334)","(154.85628235762644, 163.67102250099563, 168.89824771007568)","(138.65186672616392, 131.17628538846745, 127.17016213000149)","(114.59631117060836, 125.59289007883386, 135.6876890277158)",0.0,0,0.9990234375,2.6226614498260106
10.060060977935791,62.163,-14.69,136.303,24.516128466457772,A,lightslategray,"(145.54288198757763, 148.14280124223603, 151.36328571428572)","(173.415900621118, 172.7377391304348, 173.6880745341615)","(154.7535652173913, 163.75170186335404, 168.92285714285714)","(139.05172670807454, 130.93334161490682, 127.25013664596273)","(114.95033540372671, 125.14842236024845, 135.5920745341615)",0.0,0,0.9990234375,2.6226614498260106
10.21500825881958,62.541,-14.742,136.191,24.6653259740814,A,lightslategray,"(145.62606832298135, 148.57926708074535, 151.61009316770188)","(173.70298136645962, 173.14914285714286, 174.21408695652173)","(155.13214906832297, 164.11383850931676, 169.2992049689441)","(138.66839751552794, 130.84514285714286, 126.94648447204969)","(115.0007453416149, 126.20894409937888, 135.98059627329192)",0.0,0,0.9990234375,2.6226614498260106
10.358607053756714,62.922,-14.878,136.107,24.81092940629044,A,lightslategray,"(145.2042274920689, 147.38852086397395, 149.95886156725942)","(173.49448301059553, 173.01344537815126, 173.85948118377786)","(154.82876628912433, 163.9631469979296, 169.4802338326635)","(138.61136451863354, 129.09573951863354, 124.04524941770187)","(114.03040081521739, 123.64659355590062, 132.62009899068323)",0.0,0,0.9990234375,2.6226614498260106
10.499542236328125,63.061,-14.931,136.044,24.869417897517966,A,lightslategray,"(145.26017254546323, 147.33381461505417, 149.85515011216648)","(174.15743663318986, 173.38978957436632, 174.0473218555715)","(155.68275944524152, 164.45365853658538, 169.75270205643233)","(136.5101943597561, 126.80244855182927, 121.7573837652439)","(114.84389291158537, 124.85801733993902, 134.03541825457316)",0.0,0,0.9990234375,2.6226614498260106
10.6474928855896,63.214,-15.068,135.996,24.93015161595539,A,lightslategray,"(145.78846937308282, 147.81768836273005, 150.34982505751535)","(174.49281058282207, 173.93884202453987, 174.78000383435582)","(155.55897718558282, 164.5817676380368, 169.87691717791412)","(137.7203077070552, 127.66590778374233, 122.47363880368098)","(115.38178201687117, 125.08423600460122, 134.26874041411043)",0.0,0,0.998046875,2.6226614498260106
10.78278112411499,63.208,-15.196,135.961,24.93353235982599,A,lightslategray,"(146.2520218882206, 148.09024672460134, 150.71540492002845)","(174.54222018259986, 173.92500362301337, 174.91048741606684)","(157.1908120380658, 166.1645331143423, 171.0131636152843)","(136.6164320943101, 126.15166606519908, 121.26774930831228)","(116.81246240827619, 126.29197642247082, 135.8447010706123)",0.0,0,0.998046875,2.6226614498260106
10.92845106124878,63.203,-15.267,135.934,24.93606895557926,A,lightslategray,"(146.08348770705564, 148.04990317919942, 150.6780813294725)","(174.76113467656415, 173.77535428516342, 174.92347922491084)","(157.80493472272127, 166.7289256198347, 171.9925020960594)","(134.93671980026886, 124.72539370078741, 119.60332245054734)","(117.0957766642806, 127.15869720830351, 136.33042233357193)",0.0,0,0.9990234375,2.6226614498260106
11.110270977020264,63.247,-15.345,135.914,24.954843450864555,A,lightslategray,"(146.90036585365854, 149.08196951219512, 151.8641951219512)","(175.17126829268292, 174.25956097560976, 175.06234146341464)","(158.46526829268294, 167.29619512195123, 172.23141463414635)","(135.92009756097562, 125.92807317073171, 121.60058536585366)","(118.04482926829269, 128.8440487804878, 138.56243902439024)",0.0,0,0.9990234375,2.6226614498260106
11.266915321350098,63.135,-15.476,135.899,24.918302979220922,A,lightslategray,"(147.6749226006192, 149.33139886275333, 151.72144240375957)","(175.70512979139343, 174.3269406844671, 175.09705278265818)","(160.4353696325808, 168.29637007525454, 172.73523191185873)","(134.84204795723937, 124.88092351092524, 119.93927396006038)","(119.8109537160002, 129.8247257882052, 139.06231862672766)",0.0,0,0.998046875,4.9697797755669955
11.406100034713745,63.026,-15.526,135.888,24.882432574127517,A,lightslategray,"(147.49437435443411, 148.88707515616545, 151.0428102405194)","(174.7479218926762, 173.5204367714328, 173.9214500024593)","(161.36518125030742, 169.47710392995918, 173.92122866558458)","(133.82770153952092, 122.88854458708376, 117.79799321233584)","(120.03669273523191, 129.6622153361861, 138.5305690816979)",0.0,0,0.998046875,4.9697797755669955
11.563748598098755,62.994,-15.612,135.88,24.872409996278435,A,lightslategray,"(148.06913108766986, 149.38005722301526, 151.36236505317538)","(174.76193788819876, 173.60479503105591, 173.96216149068323)","(161.9347901234568, 170.22565432098764, 174.78723456790124)","(135.3216450966321, 124.06698671153893, 118.3855385909777)","(120.50516452707687, 129.7950420540062, 138.43327922876395)",0.0,0,0.9990234375,4.9697797755669955
11.70497727394104,62.993,-15.847,135.873,24.873340034374547,A,lightslategray,"(147.1458673704495, 147.78524449870434, 149.13541834982075)","(174.31925899194033, 173.13701431492842, 173.46337062432335)","(161.5555236728838, 170.2071975131516, 174.65071736011478)","(134.77360525306747, 122.15476418711657, 115.34001150306749)","(118.18711890243902, 125.82631478658537, 133.22396627286585)",0.0,0,0.998046875,4.9697797755669955
11.85558009147644,62.993,-16.072,135.868,24.87403761056485,A,lightslategray,"(146.4840425531915, 146.64002379774274, 147.6748368323084)","(173.44344394025336, 172.36167044809983, 172.64844488561164)","(160.8757340850364, 169.83523608174772, 174.84707540521495)","(134.96166572130838, 121.0130695783702, 113.22147381357534)","(116.74888419074466, 123.35069297627437, 129.92490016443506)",0.0,0,0.9970703125,4.9697797755669955
11.995889663696289,62.944,-16.143,135.865,24.85766178618733,A,lightslategray,"(146.32311637778565, 146.62188421176748, 147.65501120150927)","(173.63770781747436, 172.15309515387335, 172.4376370711001)","(160.99688715953306, 170.1431434972291, 175.00455135007664)","(133.87176040561255, 120.41983256691428, 112.60106119561372)","(116.78611012852258, 123.77146562905318, 130.57679518924655)",0.0,0,0.998046875,4.9697797755669955
12.154300928115845,62.883,-16.099,135.862,24.836923149746532,A,lightslategray,"(146.95432387112228, 147.75223380045514, 149.2148341118697)","(173.81866091747514, 172.5724517906336, 172.78402203856749)","(161.42244580189245, 170.33287818900467, 175.44165768355492)","(134.53187208048868, 121.84252006228292, 114.9130195232962)","(118.04431668463289, 126.2610851598994, 133.72063720206012)",0.0,0,0.9990234375,4.9697797755669955
12.325291156768799,62.813,-16.09,135.86,24.812907313758803,A,lightslategray,"(146.94196493000433, 147.304210564295, 148.38151849713765)","(173.70524438445966, 172.17068350525403, 172.39631736238312)","(162.39299142003279, 170.81230116648993, 175.44003663356793)","(134.01637219128096, 120.73905319761859, 113.37010274630305)","(117.81944977914345, 125.6852554253889, 132.52069329748414)",0.0,0,0.9970703125,4.9697797755669955
12.423892498016357,62.81,-16.035,135.859,24.811806336212825,A,lightslategray,"(147.42808925672293, 148.62613371418806, 150.47869288704973)","(174.00083259868742, 172.8116857674601, 173.02527181898324)","(162.19053182426677, 170.8697578191554, 175.36049653158088)","(133.87092271525125, 122.38838279949064, 116.59616514839847)","(119.72895217232566, 128.42227090178898, 136.86413532919556)",0.0,0,0.9990234375,4.9697797755669955
12.568723201751709,62.782,-16.14,135.858,24.802522231191634,A,lightslategray,"(146.49856384471607, 146.96273162109387, 147.85747129182317)","(173.73420395621278, 172.1314576531592, 172.16319377760706)","(161.52436172751135, 169.81801479360536, 174.28095919828203)","(133.52513151602105, 120.68519846963176, 113.05676709708274)","(117.46207961972668, 125.39726678550208, 132.06371954842544)",0.0,0,0.998046875,4.9697797755669955
12.744233846664429,62.859,-16.17,135.857,24.82938806602131,A,lightslategray,"(146.64687897480607, 147.2204453574265, 148.38490753070863)","(173.84897733819858, 172.4907336278087, 172.71982427501442)","(160.61677403960869, 169.26282510140777, 173.93190169410641)","(135.1848637015782, 122.27156862745097, 114.69194165471066)","(117.19310754604872, 125.043541295306, 132.33428401663696)",0.0,0,0.9990234375,6.823943711212579
12.926775932312012,63.523,-16.311,137.271,24.832722861283095,A,lightslategray,"(146.8965943422137, 147.76381906547414, 149.25142399961788)","(174.0504491555875, 172.71721164211283, 173.15728829799977)","(160.40206676508404, 169.11076717938948, 174.04933568265156)","(135.99935321595402, 123.62419451431309, 116.64798179422685)","(117.23243963998286, 125.60800514310205, 133.09869517596076)",0.0,0,0.9990234375,6.823943711212579
13.111218452453613,63.293,-16.249,136.917,24.80993315767615,A,lightslategray,"(147.15149322140203, 148.22101606600086, 149.5366189028803)","(173.90009194734805, 172.86563588850174, 172.9829413472706)","(160.81527176527177, 169.42722462722463, 173.95555555555555)","(136.18650793650792, 124.45627661633759, 117.39687379016647)","(117.7997594997595, 126.14025974025974, 133.7584175084175)",0.0,0,0.9990234375,6.823943711212579
13.255946397781372,63.145,-16.154,136.651,24.801168340350344,A,lightslategray,"(147.68306369732673, 148.61388245450843, 150.2318322481016)","(174.66790506684916, 173.1530564857136, 173.293818590668)","(160.96647556116994, 169.2197308327665, 173.53447186862306)","(136.95890544356803, 125.27775343266141, 119.11286395948973)","(118.39726093689508, 126.99087785520712, 135.12047522260937)",0.0,0,0.9990234375,6.823943711212579
13.405197143554688,63.662,-16.375,137.867,24.78568276581864,A,lightslategray,"(147.67643941634626, 148.55612244897958, 149.57585896677512)","(173.83887902987283, 172.63511781524204, 172.75463373755298)","(161.59314305432318, 169.86562161096322, 174.28874593315587)","(136.75778862269544, 124.92603273193335, 117.763063196293)","(118.51594695849354, 126.79771763777975, 133.4969930000986)",0.0,0,0.9990234375,6.823943711212579
13.543789625167847,63.324,-16.249,137.364,24.74947453216617,A,lightslategray,"(147.4918669222075, 148.03973782495456, 149.06220821661998)","(173.57911860396334, 172.11853002070393, 172.3683574879227)","(162.20115618263767, 170.07081618655693, 174.19500783852635)","(135.1903776003155, 123.03477767918761, 115.68088829734792)","(119.08191260043112, 126.92911032725847, 133.9423868312757)",0.0,0,0.998046875,6.823943711212579
13.742762565612793,63.095,-16.081,136.987,24.730529300390753,A,lightslategray,"(147.89330694942254, 148.77776533253683, 150.66253484667462)","(173.96567602548785, 172.389486260454, 172.62089307048984)","(162.6785145360414, 170.32235663082437, 174.5780814416567)","(133.87445240939866, 122.52011150935883, 116.94300079649543)","(121.05458482676225, 129.87910692951016, 138.50816407805655)",0.0,0,0.998046875,6.823943711212579
13.914325952529907,63.07,-16.053,136.703,24.76673542035267,A,lightslategray,"(147.65893920595533, 148.6982382133995, 150.41124689826302)","(173.73927220230985, 172.23431899641577, 172.3754978096376)","(162.4142588561251, 170.35191965169207, 174.31196813773997)","(133.96540223018718, 122.38644962166468, 116.76373954599761)","(120.59281614882248, 129.80323570156344, 138.12210567979417)",0.0,0,0.998046875,6.823943711212579
14.07909345626831,63.026,-15.958,136.491,24.785553257622897,A,lightslategray,"(148.11888989260262, 149.76275971093045, 151.76913956639567)","(174.35551540700592, 172.88620395463215, 173.03201846833284)","(161.71404195523436, 169.87759710930442, 173.84954331024792)","(134.7652815417043, 124.31556760012045, 119.4961858877848)","(121.64072066646592, 131.97167017966476, 140.6988105992171)",0.0,0,0.9990234375,6.823943711212579
14.249808549880981,63.018,-15.961,136.332,24.808130639851576,A,lightslategray,"(147.84868979270792, 148.6654341861603, 150.45627790887076)","(174.5355826693227, 173.27714143426294, 173.37400398406373)","(160.90700551829948, 168.78795377496226, 172.47801341218974)","(135.6251984126984, 123.9655505952381, 118.5687996031746)","(120.57386867790595, 128.80745341614906, 137.5263482204476)",0.0,0,0.998046875,6.823943711212579
14.4314603805542,62.865,-15.962,136.213,24.774470972216488,A,lightslategray,"(147.47654198267188, 148.9687615050438, 151.35661954200722)","(175.20198219467807, 174.01232108602628, 174.3079533716984)","(159.15545226501402, 167.61290639909498, 172.08455068614433)","(138.38883989809915, 127.54176464824613, 122.52273172643542)","(117.3162600431119, 126.88141779345483, 136.68457280031353)",0.0,0,0.9990234375,5.8617782168668935
14.6077139377594,62.629,-16.012,136.123,24.706913164606068,A,lightslategray,"(146.9379133056645, 148.92433916140618, 151.3716252334933)","(176.02520825787758, 174.93936979355306, 175.3372449595557)","(158.2984687755004, 167.15057840925454, 171.88381414102625)","(139.3484126984127, 129.23020683020684, 124.07895622895623)","(114.36888028303692, 124.59021801491681, 134.34236947791166)",0.0,0,0.998046875,5.8617782168668935
14.77527117729187,61.917,-16.196,136.056,24.46960169765275,A,lightslategray,"(147.80366120153326, 148.58977466773342, 151.4907216125527)","(177.60002395496466, 175.76766079770033, 176.35534794586178)","(160.3113719700938, 167.8336349349969, 172.97159388542312)","(140.19120852796743, 128.54095101209725, 123.53218349502934)","(113.24567836563646, 122.25979808562313, 133.08512310110007)",0.0,0,0.998046875,5.8617782168668935
14.927732944488525,61.164,-16.406,136.005,24.21415895015703,A,lightslategray,"(148.50134803921569, 148.91692927170868, 151.87488912231558)","(178.70254435107375, 176.94451447245564, 177.63195611577964)","(161.15732959850607, 167.9327964519141, 173.34908963585434)","(142.13092903828198, 129.11533613445377, 123.40200746965454)","(112.01458916900093, 121.6750700280112, 133.11650326797385)",0.0,0,0.9951171875,5.8617782168668935
15.098692893981934,60.136,-16.54,135.968,23.858986409252726,A,darkgray,"(150.69181153058238, 151.83011413520632, 155.7012759730758)","(184.09033697311258, 182.2836914406481, 182.7700833626864)","(162.168720821662, 168.0249766573296, 173.49159663865547)","(151.1917576611483, 139.42057062345896, 134.67847833744275)","(105.51820728291317, 117.69862278244631, 131.90093370681606)",0.0,0,0.998046875,5.8617782168668935
15.289212703704834,58.806,-16.738,135.939,23.39272799529298,A,darkgray,"(154.2173927378231, 156.73601525408827, 162.873516353086)","(188.38827959830866, 186.36951638477802, 186.76858703312192)","(165.47352889358703, 173.55774312896406, 181.3383324524313)","(149.06107406107407, 138.2386583011583, 136.7100078975079)","(114.12208230958231, 128.95750702000703, 146.8406897156897)",0.0,0,0.9990234375,5.8617782168668935
15.481411695480347,56.93,-16.906,134.612,22.924379321919545,A,lightslategray,"(146.99102791199806, 145.6091114907711, 150.07915037680672)","(190.50812786155333, 188.1865627756542, 188.29106985340445)","(151.7485403452766, 158.38742806737514, 166.70886713991683)","(141.52710648002846, 128.1231351871613, 125.9492812755006)","(104.36114075282991, 107.9466449061578, 119.57278262507062)",0.0,0,0.998046875,5.8617782168668935
15.63989806175232,54.774,-16.916,133.616,22.290412219633115,A,gray,"(143.203473181094, 139.38127456186936, 142.17086563993627)","(188.1634838024429, 186.2185873605948, 186.21620817843865)","(140.43007966011683, 144.9320021242698, 153.21397769516727)","(144.69047265002655, 129.29030270844396, 124.21168348380245)","(99.5298566117897, 97.08420605416887, 105.0415932023367)",0.0,0,0.998046875,5.8617782168668935
15.825288772583008,52.127,-17.017,132.869,21.421003826414484,A,gray,"(137.6591067070541, 134.1097969973261, 137.6027520282509)","(182.13874729845452, 180.18284875423072, 180.36830730334788)","(139.1897607461476, 143.55401459854014, 152.4005879967559)","(130.7839715591671, 114.82047739969528, 109.83341797866937)","(98.89927272727273, 98.23159595959596, 108.10046464646464)",0.0,0,1.0,5.8617782168668935
15.999199628829956,49.417,-16.909,131.1,20.65369572056226,A,lightslategray,"(132.74746938486587, 134.32143109951562, 144.03132805468758)","(182.78874781973795, 182.40581267999838, 184.35821198231451)","(120.40084303087752, 125.44718956093823, 139.2855817518101)","(126.09737151665112, 120.11781527603131, 125.40321664706121)","(101.94532400217817, 109.50418490208338, 127.19952403041366)",0.0,0,0.9990234375,5.8617782168668935
16.18278956413269,45.204,-16.375,127.604,19.50703006989403,A,slategray,"(124.02206337509212, 128.58754605747973, 142.86541881601573)","(169.09984448512765, 172.12224650091537, 177.28382448473394)","(108.67637158211775, 116.18703124077246, 134.96501899643692)","(108.44234541745135, 109.84467200251099, 125.1324937225361)","(109.97292843691149, 116.30433929692404, 134.1724144695543)",0.0,0,0.9970703125,5.756419613842714
16.348531007766724,40.028,-15.5,123.093,18.01364827657848,A,lightslategray,"(128.55125609435007, 134.11505043443523, 149.36303260307056)","(169.83629815562588, 174.4162392229619, 179.48686747426243)","(112.09343737494999, 120.4044708792608, 140.41309250973117)","(119.70406960935375, 119.39365539744404, 131.42452642073778)","(112.65537931659567, 122.33597389649235, 146.19941992205202)",0.0,0,0.9970703125,5.756419613842714
16.52344298362732,35.459,-14.516,118.854,16.61217271186506,A,slategray,"(116.34527087782399, 124.25825652841782, 142.74834682102582)","(147.93229927690982, 155.22747368026677, 164.7797197557229)","(104.09802929826533, 113.81323292495598, 136.09366453111537)","(105.95026413397774, 111.98909744857818, 131.33125398074256)","(107.40049080214304, 116.00322205987037, 138.78874901652242)",0.0,0,0.9990234375,5.756419613842714
16.704864263534546,30.987,-13.682,115.674,14.996448257998427,A,slategray,"(107.76681536488941, 115.9493357552445, 136.2137114007907)","(122.85673255316112, 132.71177037248466, 148.02501070358213)","(101.45781004709576, 111.34338875410305, 134.52085414585414)","(102.5945566379862, 110.62900874635568, 133.97084548104957)","(104.18875773305838, 109.1555322477423, 128.37339116831401)",0.0,0,0.9990234375,5.756419613842714
16.879876136779785,25.472,-13.046,112.486,12.759031334960767,A,slategray,"(109.77326508104959, 118.37720623426348, 138.99446074453255)","(111.95929659161192, 123.11009143640406, 141.57645052906074)","(103.00865051903114, 113.66974980037264, 136.43510447165292)","(105.7504581042812, 115.99548559053807, 141.90284857571214)","(118.35, 120.74481100795757, 136.08987068965519)",0.0,0,0.9990234375,5.756419613842714
17.04905915260315,18.048,-12.576,109.337,9.37297648737291,A,slategray,"(116.10148493481827, 126.58045097439037, 149.58765981493255)","(110.3700556971585, 119.98799521696718, 139.02591333899744)","(117.3634171169055, 131.5794377887401, 155.86008926474042)","(109.31221876081689, 117.06689952484345, 139.24497309544037)","(127.30201237177981, 137.61255970558295, 164.12243363871272)",0.0,0,0.9990234375,5.756419613842714
17.187268257141113,11.102,-12.403,106.976,5.924818836810658,A,slategray,"(116.19018207207691, 124.87371578955445, 145.439558668948)","(108.60162113941183, 116.49609326934909, 134.80487879906485)","(114.03721848829554, 127.5541436379503, 151.7147909426336)","(123.66863541282146, 125.20422665190107, 135.8896579303556)","(118.4527458395211, 130.20331613515623, 159.25589050323805)",0.0,0,0.998046875,5.756419613842714
17.35513973236084,4.926,-12.488,105.205,2.680696414514043,A,slategray,"(119.32446104136872, 127.38759997881243, 147.3503439195478)","(108.98033895221926, 117.84736538927964, 137.71093560514188)","(123.98403771525588, 137.9551449187485, 162.39067426631095)","(128.84238120420034, 129.4729319332175, 138.78751983077737)","(115.47244843997885, 124.27832590466117, 150.5299539170507)",0.0,0,0.9951171875,5.756419613842714
17.51250386238098,-0.977,-12.641,103.877,-0.5387640778606675,A,slategray,"(119.84726226903614, 128.307185624338, 148.23211133341178)","(103.76574084971166, 111.42901906555255, 130.38753383547134)","(121.45333647169589, 134.33881075673767, 158.08144050841474)","(131.49518947863953, 132.98696598799577, 140.1952012474991)","(122.67478227609745, 134.47394668706602, 164.26426974226197)",0.0,0,0.99609375,5.756419613842714
17.662283182144165,-5.475,-12.703,102.881,-3.0464338853291526,A,slategray,"(116.42710402840596, 125.24640794383366, 145.9980786006064)","(101.61648148148149, 109.30925925925926, 128.7573148148148)","(121.09510201573255, 133.6615197885939, 157.430386553589)","(119.60728950403691, 121.76945790080738, 130.78296039984622)","(123.30321217503139, 136.13370793398047, 166.85820804115502)",0.0,0,0.99609375,5.756419613842714
17.841980457305908,-8.818,-12.656,101.421,-4.969148028092751,A,slategray,"(111.52423572857838, 119.72346392453471, 140.86142679450234)","(100.88526519550909, 108.24879597367402, 128.09720480061944)","(121.39038265856742, 133.61348709568006, 157.45926736764207)","(100.81929539295393, 101.979945799458, 112.4498335269067)","(122.90755758379328, 134.9223428201412, 165.25720761000278)",0.0,0,0.9990234375,5.994005114965536
18.027275323867798,-11.042,-12.484,99.651,-6.323046403971074,A,slategray,"(112.00552331812474, 119.54694629022875, 140.46214823774383)","(102.20346326974308, 108.73797348194874, 127.77445876841107)","(120.42335487031876, 131.98335732002326, 155.5606761184432)","(102.94725479988976, 103.28102703861347, 113.4990354288514)","(122.44802033254739, 134.1854273203295, 165.01442263526963)",0.0,0,0.9951171875,5.994005114965536
18.20772910118103,-12.372,-12.321,98.324,-7.171842271858941,A,slategray,"(115.19957038894324, 123.01823935909981, 143.87945664138942)","(104.2237188111546, 110.60263270547945, 129.3378027152642)","(120.29707375244618, 131.77502751956948, 154.8920009784736)","(113.75033635029354, 115.23244863013699, 125.79461227984345)","(122.52715264187867, 134.4628485812133, 165.49341059197653)",0.0,0,0.9990234375,5.994005114965536
18.50884509086609,-12.964,-11.895,97.329,-7.586987696581189,A,slategray,"(119.20332000788771, 126.72846207625979, 148.16565620350286)","(109.24414787941609, 115.30793815323486, 134.04776712447094)","(125.36310342850591, 136.48966574934067, 159.81620513702558)","(116.77029373358779, 119.4009384551364, 133.9275208426007)","(125.36914966569518, 135.62783587633578, 164.73892793873935)",0.0,0,0.9990234375,5.994005114965536
18.700583457946777,-13.652,-11.668,97.256,-7.990577653714467,A,slategray,"(118.94939469720651, 126.94346244565062, 148.81100272812526)","(108.12411711095922, 114.81210127591707, 134.49129927090453)","(128.3472891737084, 139.68109510576758, 163.42820280156525)","(109.69557416267942, 113.38708988380041, 129.44930508088402)","(129.5429166902966, 139.78139000737255, 167.7281234049793)",0.0,0,1.0,5.994005114965536
18.88763999938965,-14.464,-11.585,97.202,-8.463663093846382,A,slategray,"(118.16506707578137, 125.28236763236764, 145.6165441701156)","(106.74366382516162, 113.43944161565307, 133.34439899307742)","(127.39005183413079, 138.51683185235817, 162.15504670767828)","(111.8520224269123, 113.81449167572515, 125.52342811373649)","(126.59674755069491, 135.25646502620188, 161.30134996582365)",0.0,0,1.0,5.994005114965536
19.092524766921997,-15.347,-11.75,98.631,-8.844384877237124,A,slategray,"(117.46219512195123, 122.62071756804525, 140.03280664545775)","(106.91960062314119, 112.82162583203512, 131.28563942784308)","(126.26925364679224, 137.41312845206062, 160.75745645092763)","(114.06016374929419, 112.27885375494071, 117.94446640316205)","(122.59412761151891, 127.9854743083004, 150.18255223037832)",0.0,0,0.9990234375,5.994005114965536
19.236769437789917,-15.788,-11.836,99.704,-8.998261857042245,A,slategray,"(117.58204624101333, 121.34465297476115, 137.35094636651843)","(108.63708410888785, 112.98378606328525, 129.70032573289902)","(123.78029677886356, 134.0599782844734, 156.57692363373144)","(117.23476035365286, 113.34233946021405, 116.57773964634714)","(120.63474484256243, 124.91978284473399, 146.4224683315237)",0.0,0,1.0,5.994005114965536
19.42800521850586,-14.334,-10.035,102.168,-7.986518026277025,A,slategray,"(121.24358805070527, 123.67726651339092, 137.61474321133412)","(118.67364692723544, 122.07542099049276, 135.2800596532654)","(122.48864413098863, 132.0326073448083, 152.51457155284908)","(116.5854098055055, 110.40498974709502, 113.40133909153047)","(127.22665133909153, 130.1960479711676, 149.26300254769154)",0.0,0,1.0,5.994005114965536
19.615826845169067,-13.185,-10.386,104.929,-7.161895647760458,A,gray,"(119.60469744139859, 120.43060138599007, 132.32662103704394)","(126.01011488511489, 128.31623064435564, 138.35925012487513)","(124.83615547132294, 133.72851550363512, 151.7878580749394)","(101.41291697784416, 92.33697411003236, 94.4938853622106)","(126.14076895681393, 127.31242935228627, 144.59574797541072)",0.0,0,0.9990234375,5.994005114965536
19.77607250213623,-11.04,-11.115,109.021,-5.782505758270999,A,gray,"(123.34813767792491, 122.96911421911422, 132.95934384764172)","(137.89205166418282, 140.20135784070212, 148.6294419605895)","(125.81912568306011, 133.93118065904952, 151.1928299387316)","(96.91712880438371, 87.65937149270482, 91.34638872383971)","(132.81984881494685, 130.17668515217534, 140.77951079421666)",0.0,0,1.0,5.193687162585871
19.957609176635742,-8.866,-11.717,113.214,-4.4779272772007435,A,gray,"(130.95688225538973, 130.31342851713654, 138.85145885157544)","(148.00532945736435, 151.0720687984496, 157.63875622923587)","(125.44049349390919, 132.3425733665559, 148.22762666112956)","(105.1584919977925, 96.47983926600442, 100.33959368101546)","(145.261399696468, 141.43468887969095, 149.29311534216336)",0.0,0,0.998046875,5.193687162585871
20.14750909805298,-7.236,-12.281,116.358,-3.558315016231093,A,gray,"(134.0225515406586, 132.88815432389868, 140.87377543666082)","(153.66450980392156, 156.45573975044564, 162.19638146167557)","(123.01131907308378, 129.34928698752228, 144.7764349376114)","(107.18972409259688, 99.15326807255671, 103.61669657292093)","(152.25332670065913, 146.66086307673174, 152.9893936432924)",0.0,0,1.0,5.193687162585871
20.370550394058228,-6.576,-12.907,118.716,-3.170584575480108,A,gray,"(129.91585636526978, 127.98076414944777, 135.58295900931847)","(143.66540091840338, 146.0068350406217, 152.44853408689508)","(124.77847078252925, 131.29496819986647, 146.9595909905478)","(106.87103496997527, 99.70353232073472, 106.32460261391735)","(144.29985241926983, 134.86405003689518, 136.53422467409254)",0.0,0,0.9990234375,5.193687162585871
20.534082889556885,-6.687,-13.425,121.694,-3.145379559768415,A,gray,"(126.9645371589496, 125.261996196328, 133.18287798990565)","(121.0082108112062, 123.54714358861824, 133.53357472021065)","(134.5448028673835, 141.18173505961525, 155.106411381757)","(107.83507058737473, 102.58287616121717, 111.8524614146734)","(144.47006436983395, 133.7362299758613, 132.2390644429815)",0.0,0,0.9931640625,5.193687162585871
20.668731689453125,-8.737,-13.696,123.928,-4.032624961915154,A,gray,"(126.55753075688996, 124.41610223169496, 131.59831802231233)","(128.38625429553264, 128.97427324231447, 135.25297668802824)","(135.0000739016369, 140.67889738757714, 154.20175146879504)","(108.07295446131063, 99.64503887449094, 102.74946316179192)","(134.71643467373693, 128.32874871115038, 134.14348578583002)",0.0,0,1.0,5.193687162585871
20.84933376312256,-12.076,-13.759,125.603,-5.491753621183489,A,gray,"(128.08398012422361, 126.7800844720497, 134.57855403726708)","(117.86584370333499, 118.41893479342957, 125.50251866600298)","(154.6776306620209, 159.42980587356894, 170.39896465903433)","(104.73373015873015, 98.28418650793651, 102.10236111111111)","(135.1155753968254, 131.07174603174604, 140.40323412698413)",0.0,0,1.0,5.193687162585871
20.995411157608032,-15.189,-13.807,126.86,-6.827498015911813,A,gray,"(137.71215987021606, 136.35109505198733, 143.03437799572302)","(117.14628027339892, 118.11388329184939, 125.76431195922721)","(179.60122181189598, 183.5646853146853, 191.82429087766167)","(102.61810271855745, 98.48256855449911, 104.77296797181047)","(151.24503777943076, 145.02936225188898, 149.57412989860237)",0.0,0,1.0,5.193687162585871
21.149538040161133,-19.583,-13.585,127.802,-8.711661949214843,A,lightslategray,"(141.09644079539225, 140.98261242722864, 148.39367367408772)","(120.56402925394161, 120.93107091801852, 126.59409120102762)","(187.07367352435412, 189.46667495390224, 196.9405598027638)","(109.90573905862924, 107.50002064409578, 110.75078447563996)","(146.93319570602807, 146.13422791081751, 159.3847853014038)",0.0,0,1.0,5.193687162585871
21.29532504081726,-24.119,-13.325,128.509,-10.629893993884023,A,lightslategray,"(144.93225802979418, 145.80345840867992, 153.29656957719797)","(126.03470065562456, 126.10162180814355, 130.52810127674258)","(195.4314182194617, 197.14221014492753, 203.51623964803312)","(111.20384218669417, 112.07641395908544, 116.94574093175176)","(147.17315626611656, 148.0078004125838, 162.2952982637098)",0.0,0,0.9990234375,5.193687162585871
21.476747035980225,-28.434,-13.2,129.039,-12.42666565115238,A,lightslategray,"(145.61746708102393, 147.6891519559158, 155.99782142056193)","(128.83293704346335, 128.81406507722298, 131.97776492513336)","(197.34883720930233, 199.62339211176422, 206.54414771275236)","(106.41409078251183, 110.19593856435962, 118.65811965811966)","(149.54849220546896, 151.7954893943266, 166.4545106056734)",0.0,0,0.998046875,5.870643955619865
21.62493896484375,-33.542,-13.364,129.436,-14.528174979681761,A,lightslategray,"(141.68890894175553, 144.50168444079847, 150.72517363959528)","(120.52415533128566, 121.97801667397981, 124.1816366827556)","(187.44338532010033, 188.69946559057695, 193.63596902606608)","(122.48128565160158, 126.28595875383941, 128.25436594997805)","(136.07344312356855, 140.80780892136548, 156.54540298833024)",0.0,0,0.998046875,5.870643955619865
21.77415704727173,-38.357,-13.604,129.735,-16.4706108647409,A,lightslategray,"(143.74691542619175, 147.39927786638313, 155.1655314105972)","(127.10444355839093, 128.6177786638313, 131.22558922558923)","(189.13583200425305, 191.50013290802764, 198.10579479000532)","(115.58102959418748, 120.58743133085238, 126.7296429204324)","(143.1663565479355, 148.8917685628212, 164.60109870636185)",15.0,0,0.9951171875,5.870643955619865
22.36157536506653,-43.913,-14.575,128.749,-18.83309924192237,A,lightslategray,"(140.3552690231299, 145.81647983358374, 152.39914040272296)","(125.39602317968681, 128.8620498982571, 131.28432716977792)","(175.21266440856905, 179.69588263757532, 186.7392117186469)","(134.7760079312624, 142.27691121392377, 145.2113461114783)","(126.0, 132.38332785628216, 146.25588782999233)",30.0,0,0.984375,5.870643955619865
22.997294425964355,-44.09,-14.086,128.009,-19.00533158445487,A,lightslategray,"(134.61537602145046, 137.2498137980933, 143.84389364147088)","(116.97388917262512, 117.72093122233572, 119.76870531154239)","(161.30154068777665, 163.387448927477, 171.3944288389513)","(143.5744382022472, 145.2459780388151, 142.49004085801838)","(116.61163602315288, 122.64489700374531, 141.72239955737146)",45.0,0,0.9951171875,5.870643955619865
23.57294273376465,-39.581,-14.171,127.455,-17.25220752380563,A,gray,"(111.91347036422225, 113.79681671711747, 125.88616346059955)","(122.18244961846996, 122.0345529250636, 127.59254549011935)","(127.51674819017805, 135.08452357659948, 153.28430835452946)","(82.34345029239766, 76.546783625731, 78.29329434697856)","(115.70705653021443, 121.63076023391812, 144.48230019493178)",60.0,0,1.0,5.870643955619865
24.188459157943726,-28.651,-13.468,123.894,-13.021158756071046,A,slategray,"(123.73605223365294, 128.08943789387197, 144.60414390476274)","(131.78259118527728, 136.73991840165297, 148.50293298779528)","(131.0291897949535, 141.41923339578702, 163.19412001610954)","(103.04089005235602, 100.18188481675392, 112.7868237347295)","(129.14267015706807, 134.08998254799303, 154.00766143106458)",60.0,0,0.9990234375,5.870643955619865
24.351845741271973,-19.866,-12.92,121.223,-9.306786495111432,A,lightslategray,"(125.94491794098998, 130.03737328820705, 145.67445671418102)","(136.35689518525857, 141.96580476850934, 153.28781124100126)","(127.63829612471868, 137.02937262825884, 157.87224220918964)","(105.85233802258767, 103.40968231952975, 116.89913149725909)","(133.88300231629788, 137.67001790613244, 154.53122073825836)",60.0,0,0.9990234375,5.870643955619865
24.530815601348877,-13.113,-12.536,118.308,-6.324804971135452,A,slategray,"(121.35176339216477, 125.8683620769875, 142.22249061695462)","(132.960172461925, 139.06259499364126, 151.8030491020193)","(123.50530413474364, 132.42842519929278, 153.1727565991501)","(104.25703340674339, 104.35609044945562, 120.16853810602066)","(124.68454356524705, 127.62633766556034, 143.74561866062842)",60.0,0,1.0,5.870643955619865
24.73037838935852,-8.507,-12.279,114.461,-4.250644411593773,A,slategray,"(119.71972938702176, 125.73534786256354, 145.16718702712643)","(130.92047569962614, 137.73544208372437, 152.0120155694703)","(119.95196753942734, 128.8543102128311, 150.04801714898178)","(112.89731321310269, 115.51001410869831, 135.18858115568642)","(115.16648351648351, 120.89835164835165, 143.44268925518926)",60.0,0,1.0,5.870643955619865
24.893442392349243,-5.824,-11.921,110.105,-3.027853964484377,A,slategray,"(119.55494664715225, 126.28302869572553, 147.58048778698478)","(125.81350714390926, 132.3998821623214, 147.80081013404035)","(119.55155425219941, 129.25953079178885, 151.74359237536657)","(119.50485251582023, 122.19294072736349, 140.90363975392387)","(113.39811458637826, 121.31812335574394, 149.8586524408068)",60.0,0,0.9990234375,2.925677456764306
25.025799989700317,-3.979,-11.629,106.165,-2.146554962991777,A,lightslategray,"(120.53097087064059, 128.129903046144, 150.7614279902506)","(122.42055426250127, 129.88371185289057, 147.04767756205456)","(121.22254842702127, 131.8445873989005, 155.58485162478772)","(119.95636510361126, 123.90777300631179, 144.30453641525204)","(118.53853216273599, 126.8898117863086, 156.06641992310782)",60.0,0,0.9990234375,2.925677456764306
25.170961141586304,-3.215,-11.419,102.572,-1.7951132071345917,A,lightslategray,"(120.4936975609756, 127.99877960088692, 150.43958137472285)","(116.25049857549858, 123.71925925925926, 142.32304843304843)","(119.76137395053324, 131.1230003403676, 155.14902427955525)","(127.25814696485622, 129.52803691870784, 146.62969116080936)","(118.7000904747095, 127.60902202493709, 157.5930193106958)",60.0,0,1.0,2.925677456764306
25.327953338623047,-2.299,-9.365,99.273,-1.3265923806448188,A,lightslategray,"(120.80304347826088, 128.91154782608695, 152.21953391304348)","(112.88929765886287, 120.85617335562988, 141.8897435897436)","(121.61130156075808, 133.92703455964326, 158.82013656633222)","(128.99147103764412, 131.59424920127796, 148.21414085289624)","(119.69740241700237, 129.25902208640088, 159.942200305598)",60.0,0,1.0,2.925677456764306
25.495559692382812,-1.964,-7.344,96.799,-1.1625696574844204,A,lightslategray,"(121.34506524597903, 129.0722392689753, 151.84636679367435)","(110.65991219182709, 118.73588652482269, 140.10423505572442)","(120.51759540695711, 132.76156703816278, 157.99905437352245)","(133.61422030702937, 134.68180716401832, 148.69091031510908)","(120.55210072717479, 130.08866145973607, 160.57357931591704)",60.0,0,1.0,2.925677456764306
25.6633460521698,-1.879,-5.617,94.371,-1.1406320451352594,A,lightslategray,"(120.29455006669441, 127.42827974292335, 148.96032091976022)","(110.24887502960448, 117.45768532407043, 137.599365806163)","(119.11014150943396, 131.1241352201258, 155.95993186582808)","(127.75695491926916, 127.25069188494379, 138.1926260148739)","(124.01639237199582, 133.8187826541275, 163.98363375130617)",60.0,0,1.0,2.925677456764306
25.839214086532593,-2.001,-2.075,93.727,-1.2232148983899902,A,slategray,"(117.9064257413088, 124.39699322597137, 145.83399795501023)","(110.24121413934427, 117.00322745901639, 136.6215676229508)","(119.64209183673469, 131.48621173469388, 156.0129974489796)","(116.45024334016394, 114.19362192622951, 124.54866803278688)","(125.25492346938775, 134.83308673469386, 166.02827806122448)",60.0,0,1.0,2.925677456764306
26.09894871711731,-1.085,0.077,92.639,-0.6707854885447448,A,lightslategray,"(120.87049172918738, 127.58198499502848, 148.9636981702199)","(113.48035714285714, 120.70319616977226, 141.00702639751552)","(121.99659802582407, 133.6915285688513, 158.24090873946548)","(125.35467132505175, 124.27958074534162, 135.367132505176)","(122.63828251849179, 131.61138888172985, 161.15029251823407)",60.0,0,1.0,2.925677456764306
26.29687809944153,0.358,-0.292,90.707,0.22607760173664354,A,lightslategray,"(121.33816658449133, 128.4245043485844, 149.61086123102)","(113.59301104228386, 121.68551036897388, 141.95923781308915)","(122.95281323750268, 134.6153856468569, 158.94702048916542)","(127.42090073159272, 127.29397946170884, 138.76948788509296)","(121.35966155162274, 130.0681575148372, 158.69475485216276)",60.0,0,1.0,2.925677456764306
26.468289852142334,0.862,-1.116,89.257,0.5531410967539803,A,lightslategray,"(123.55840053763441, 130.6047379032258, 152.23425739247313)","(114.50792025862069, 122.33876616379311, 142.78019935344827)","(124.08804989270386, 135.565866416309, 159.9629157725322)","(132.37337015086206, 132.7183459051724, 145.82289870689655)","(123.26325107296137, 131.76956813304722, 160.3029238197425)",60.0,0,1.0,2.925677456764306
26.670330047607422,1.895,1.404,89.287,1.216056101280386,A,lightslategray,"(124.12213429140166, 130.9144632713502, 151.8305837419689)","(114.06875178668885, 121.79332882871176, 141.64147976818523)","(124.342766563147, 135.36516563146998, 159.23408385093168)","(133.41377255592835, 133.33435237120614, 145.46741453683433)","(124.6297600619195, 133.12274251805985, 160.90189628482972)",60.0,0,1.0,5.629621055091436
26.832488536834717,3.023,2.687,89.31,1.938525333468177,A,lightslategray,"(124.74353705753943, 131.55968487486942, 152.2365596442176)","(115.08422860438004, 122.5948903736947, 141.83314738438781)","(123.74748445731692, 134.2748870190507, 157.47970088137623)","(134.00564114778552, 134.51254215190986, 147.24436198618545)","(126.13515268033258, 134.83157723902025, 162.3254101021198)",60.0,0,1.0,5.629621055091436
26.979528665542603,3.772,4.673,89.327,2.4182311251123023,A,lightslategray,"(125.10561065369261, 131.57734530938123, 152.17482846806388)","(115.75255738522954, 122.92814371257485, 141.5681387225549)","(123.59600798403194, 133.4496506986028, 156.2385853293413)","(134.68370758483033, 135.0118013972056, 148.43209830339322)","(126.39016966067864, 134.9197854291417, 162.46049151696607)",60.0,0,1.0,5.629621055091436
27.138529539108276,4.392,6.547,89.944,2.7953579247168685,A,lightslategray,"(124.89255230125524, 131.30710367271035, 151.65818069115141)","(116.41839762611276, 123.52807816942503, 141.63188607327763)","(122.88658232248612, 132.58733844033623, 154.98195994686068)","(133.61432002178702, 134.09797974796365, 147.48318932435444)","(126.61990294867668, 134.99579114159096, 162.51585749300585)",60.0,0,1.0,5.629621055091436
27.371835470199585,4.386,5.238,89.229,2.814034589747351,A,lightslategray,"(125.90184581117103, 132.10370440243918, 152.25490208011294)","(117.4569589702333, 124.14056900460763, 141.84705868012384)","(123.90921280382261, 133.21886199078475, 155.39396377288574)","(134.13593825960137, 134.73061497326202, 148.27662858531843)","(128.07457462323774, 136.3046305298979, 163.4805785123967)",60.0,0,1.0,5.629621055091436
27.58352017402649,4.428,3.976,88.693,2.858402817539725,A,lightslategray,"(126.38690827618572, 132.64003814887144, 152.49450928743357)","(117.51500972289742, 124.15957705396208, 141.60342732134177)","(124.79699830549504, 134.14434761558945, 155.97453401113532)","(134.90514044739584, 135.4478563292213, 149.00536826543225)","(128.29845648842064, 136.76467180768256, 163.31392780855145)",60.0,0,1.0,5.629621055091436
27.804376363754272,5.466,2.464,87.747,3.564709323794413,A,lightslategray,"(128.17177914110428, 134.29107518695983, 154.39941486423956)","(117.52472198255201, 124.21346227590836, 141.96488831368038)","(125.90004773839361, 135.30539443847715, 157.0372001432152)","(136.86866128184295, 137.42158151316733, 151.44048415619176)","(132.34818825489378, 140.16920330814543, 167.06384244659964)",60.0,0,1.0,5.629621055091436
27.982120037078857,5.606,-0.129,87.038,3.6851383662525854,A,lightslategray,"(133.2267621062741, 139.36534161677096, 160.77457644922643)","(120.91443992000578, 127.78509987229839, 146.80713442401753)","(129.00869836470744, 138.29212108123673, 160.57586773686546)","(143.02678743032865, 143.69254516625023, 159.80979723236595)","(139.898877883051, 147.62510766580533, 175.80304335343095)",60.0,0,1.0,5.629621055091436
28.185755014419556,5.756,-2.364,86.506,3.8068305965756886,A,lightslategray,"(133.38625256894326, 139.25576518663672, 160.30361623572145)","(121.33405821344931, 127.99642737657123, 146.6831238350141)","(129.10643789131578, 138.07150026286862, 160.05346986569805)","(142.95275534101228, 143.33504994503656, 158.9643693542991)","(140.15175882999569, 147.62008316207044, 175.51350188787458)",60.0,0,1.0,5.629621055091436
28.38068151473999,5.534,-2.194,86.651,3.6543025746707447,A,lightslategray,"(133.11744721355834, 138.84995599882663, 159.54945492424017)","(121.17256355805108, 127.71391378420857, 145.98659851947835)","(128.68381685226785, 137.57783300673898, 159.11961716771017)","(142.5429579239103, 142.55555555555554, 157.94578219294772)","(140.0601252210486, 147.5220690149596, 175.08366391052908)",60.0,0,1.0,5.629621055091436
28.591333150863647,5.96,0.673,87.936,3.877115692606478,A,lightslategray,"(132.85563960906092, 138.69324582942153, 159.05151837943237)","(121.23811475409836, 127.82328833172613, 145.84943346190934)","(128.47585583413692, 137.40439971070396, 158.7846432015429)","(141.56771309071678, 141.92600115379068, 156.56969616845345)","(140.09396182875824, 147.58363780587473, 174.96280226912168)",60.0,0,1.0,5.265054577997261
